"candidate_id","company_name","official_domain","primary_vertical","secondary_verticals","subvertical","country","region","business_model","customer_model","market_leader","digital_leader","design_reference","technology_reference","conversion_reference","innovation_reference","evidence_quality","distinctiveness","official_github_org","github_link_status","primary_source_url","secondary_source_url","source_checked_at","selection_notes","research_status","market_leader_evidence","digital_leader_evidence","design_reference_evidence","technology_reference_evidence","conversion_reference_evidence","innovation_reference_evidence"
"DC-0001","Coursera","coursera.org","Education/EdTech","","MOOC / online degrees","USA","North America","B2B2C, Marketplace, Subscription","Self-serve consumer + enterprise (Coursera for Business)","TRUE","UNVERIFIED","UNVERIFIED","UNVERIFIED","UNVERIFIED","UNVERIFIED","MEDIUM","Maior MOOC por numero de learners; referencia de pricing/proportion estimation em EdTech B2B2C.","https://github.com/coursera","VERIFIED","https://sqmagazine.co.uk/coursera-statistics/","https://blog.osum.com/coursera-market-share/","2026-08-11","GitHub org confirmada via busca separada (81 repositorios, coursera.github.io).","candidate","Reportado com ~30% de market share do mercado MOOC e maior base de learners (148-197M) entre plataformas MOOC (sqmagazine.co.uk, 2025-2026).","","","","",""
"DC-0002","Duolingo","duolingo.com","Education/EdTech","","Language learning (mobile, gamified)","USA","North America","B2C, Subscription, Freemium","Self-serve consumer","UNVERIFIED","TRUE","TRUE","UNVERIFIED","UNVERIFIED","UNVERIFIED","HIGH","Unico candidato B2C EdTech mobile-first com premio formal de design (Apple Design Award) e GitHub org oficial ativa.","https://github.com/duolingo","VERIFIED","https://developer.apple.com/design/awards/2023/","https://github.com/duolingo","2026-08-11","Apple Design Award e fonte primaria/oficial (apple.com/newsroom), nao lista SEO.","candidate","","Vencedor do Apple Design Award 2023, categoria 'Delight and Fun' (apple.com/newsroom, fonte oficial Apple).","Mesma evidencia do Apple Design Award 2023 e citada amplamente como referencia de UI gamificada e microinteracoes.","","",""
"DC-0003","Khan Academy","khanacademy.org","Education/EdTech","","Nonprofit K-12/tutoring","USA","North America","B2C, B2B2C, Free/Nonprofit","Self-serve consumer + institucional (escolas)","UNVERIFIED","UNVERIFIED","UNVERIFIED","TRUE","UNVERIFIED","UNVERIFIED","MEDIUM","Nonprofit EdTech com maior footprint open-source verificado do universo (472 repositorios) e design system proprio (Wonder Blocks) - forte para RQ-B-01.","https://github.com/Khan","VERIFIED","https://github.com/Khan","https://github.com/orgs/Khan/repositories","2026-08-11","GitHub org com 472 repositorios confirmados via busca; inclui Perseus (exercise engine) e Wonder Blocks (design system).","candidate","","","","GitHub org oficial (github.com/Khan) com 472 repositorios, incluindo Perseus e Wonder Blocks design system.","",""
"DC-0004","Instructure (Canvas LMS)","instructure.com","Education/EdTech","","Higher-ed / K-12 LMS","USA","North America","B2B, Enterprise, Sales-led","Instituicoes de ensino (contratos institucionais)","TRUE","UNVERIFIED","UNVERIFIED","UNVERIFIED","UNVERIFIED","UNVERIFIED","MEDIUM","Market leader documentado por market share numerico (43% NA higher-ed) - contraste de B2B enterprise sales-led dentro de EdTech.","","UNKNOWN","https://www.highereddive.com/news/instructure-canvas-first-quarter-revenue-lms/649232/","https://www.instructure.com/canvas","2026-08-11","Multiplas fontes convergentes (Higher Ed Dive, Civic IQ) citam ~35-43% de market share em higher-ed norte-americano.","candidate","Canvas detem aproximadamente 35-43% do market share de LMS em higher-ed na America do Norte (Higher Ed Dive, Civic IQ).","","","","",""
"DC-0005","Alura","alura.com.br","Education/EdTech","","Tech skills / corporate training","Brazil","Latin America","B2B2C, Subscription","Self-serve consumer + corporativo (Alura Para Empresas)","TRUE","UNVERIFIED","UNVERIFIED","UNVERIFIED","UNVERIFIED","UNVERIFIED","MEDIUM","Maior representante brasileiro de EdTech tech-skills; adiciona diversidade geografica LatAm/portugues ao universo.","","UNKNOWN","https://www.alura.com.br/artigos/alura-empresa-educacao-mais-transformadora-mundo-gsv-edtech-150","https://www.alura.com.br/sobre","2026-08-11","Claim de 'maior escola de tecnologia do Brasil' e parcialmente autorreportado; reconhecimento GSV EdTech 150 e fonte parcialmente independente.","candidate","Autodescrita e coberta como maior ecossistema de educacao em tecnologia do Brasil apos aquisicao da FIAP; listada no GSV EdTech 150.","","","","",""
"DC-0006","Platzi","platzi.com","Education/EdTech","","Tech/programming education","Colombia","Latin America","B2C, B2B, Subscription","Self-serve consumer + corporativo","UNVERIFIED","UNVERIFIED","UNVERIFIED","TRUE","UNVERIFIED","UNVERIFIED","MEDIUM","Maior EdTech de programacao da America Latina hispanofalante com GitHub org oficial ativa e mensuravel (554 repositorios).","https://github.com/platzi","VERIFIED","https://github.com/platzi","https://latam.tech/online-education-platform-platzi-showcases-the-best-of-colombian-entrepreneurial-talent/3549/","2026-08-11","6M+ learners em 120+ paises reportado por latam.tech.","candidate","","","","GitHub org oficial Comunidad Platzi com 554 repositorios confirmada via busca direta.","",""
"DC-0007","Udemy","udemy.com","Education/EdTech","","Open course marketplace","USA","North America","B2C, B2B2C, Marketplace","Self-serve consumer + Udemy Business","TRUE","UNVERIFIED","UNVERIFIED","UNVERIFIED","UNVERIFIED","UNVERIFIED","MEDIUM","Modelo marketplace de cursos (oferta aberta de instrutores) distinto do modelo curado da Coursera - testa RQ-A2-02 em outro desenho de negocio.","","UNKNOWN","https://www.businesswire.com/news/home/20241104925588/en/EdTech-Market-Global-Outlook-Forecast-2024-2029-Key-Players-Profiled-Include-2U-Anthology-BoxLight-Byjus-Udemy-Coursera-Chegg-Duolingo-Unacademy-and-Pearson---ResearchAndMarkets.com","https://sqmagazine.co.uk/coursera-statistics/","2026-08-11","Relatorio de mercado cita Udemy com maior receita 2024 (786.6M) que Coursera apesar de menos learners registrados - lideranca depende da metrica usada.","candidate","Maior marketplace aberto de cursos por volume (81M+ learners, 250k+ cursos); receita 2024 superior a Coursera segundo comparacao sqmagazine.co.uk.","","","","",""
"DC-0008","Codecademy","codecademy.com","Education/EdTech","","Interactive coding education","USA","North America","B2C, B2B, Subscription","Self-serve consumer + corporativo","UNVERIFIED","UNVERIFIED","UNVERIFIED","UNVERIFIED","UNVERIFIED","UNVERIFIED","LOW","Foco estrito em coding education interativo no browser - testa hero/navigation pattern em produto de aprendizado pratico embutido.","","UNKNOWN","https://www.businesswire.com/news/home/20241104925588/en/EdTech-Market-Global-Outlook-Forecast-2024-2029-Key-Players-Profiled-Include-2U-Anthology-BoxLight-Byjus-Udemy-Coursera-Chegg-Duolingo-Unacademy-and-Pearson---ResearchAndMarkets.com","","2026-08-11","Evidencia apenas de listagem em relatorio de mercado; nenhuma verificacao adicional de market/digital leadership feita nesta sessao.","candidate","","","","","",""
"DC-0009","BYJU'S","byjus.com","Education/EdTech","","K-12 tutoring (contrast case)","India","Asia-Pacific","B2C, B2B2C, Subscription, historically Sales-led","Self-serve consumer + institucional","FALSE","FALSE","UNVERIFIED","UNVERIFIED","UNVERIFIED","UNVERIFIED","MEDIUM","CONTRAST CASE - ex-lider de mercado (India) com colapso financeiro/reputacional documentado (~US$22B de valuation para quase zero); desafia a suposicao 'grande/financiado = referencia digital confiavel'.","","UNKNOWN","https://www.vciinstitute.com/blog/the-rise-and-fall-of-byju-a-22-billion-lesson-learned-for-free","https://medium.com/@exitfund/learning-from-the-fall-what-byjus-taught-a-generation-of-founders-c14522b9718c","2026-08-11","FALSE aplicado deliberadamente apos checagem ativa: era mercado lider historico, mas colapso amplamente documentado remove lideranca atual; nao e ausencia de pesquisa.","candidate","Checado ativamente: colapso de ~US$22B em valuation amplamente documentado (VCI Institute, Medium); nao e mais lider de mercado atual.","","","","",""
"DC-0010","Salesforce","salesforce.com","Business/B2B","Sales/CRM/Revenue Technology","Enterprise CRM/cloud suite","USA","North America","B2B, Enterprise, Sales-led","Enterprise + SMB self-serve parcial","UNVERIFIED","UNVERIFIED","UNVERIFIED","TRUE","UNVERIFIED","UNVERIFIED","MEDIUM","CRM enterprise B2B sales-led com multiplas GitHub orgs oficiais verificadas - contraste big incumbent vs. challengers ageis (HubSpot, Pipedrive).","https://github.com/salesforce","VERIFIED","https://github.com/salesforce","https://github.com/SalesforceFoundation","2026-08-11","Market leadership em CRM nao foi numericamente re-verificada nesta sessao; multiplas GitHub orgs confirmadas (salesforce, SalesforceFoundation, developerforce).","candidate","","","","Multiplas GitHub orgs oficiais confirmadas via busca direta (github.com/salesforce, github.com/SalesforceFoundation, github.com/developerforce).","",""
"DC-0011","HubSpot","hubspot.com","Business/B2B","Sales/CRM/Revenue Technology","Marketing/Sales/CRM platform","USA","North America","B2B, SaaS, Product-led + Sales-led hybrid","Self-serve freemium + enterprise sales","UNVERIFIED","UNVERIFIED","UNVERIFIED","TRUE","UNVERIFIED","UNVERIFIED","MEDIUM","PLG+sales-led hibrido com pricing publico - referencia direta para RQ-A2-02 (visibilidade de pricing) em modelo misto.","https://github.com/HubSpot","VERIFIED","https://github.com/HubSpot","https://github.com/HubSpot/hubspot.github.com","2026-08-11","HubSpot Impact Awards pesquisados sao premios a agencias parceiras, nao ao proprio HubSpot.com - nao usados como evidencia de digital_leader do HubSpot.","candidate","","","","GitHub org oficial confirmada (github.com/HubSpot) com projetos open source publicados.","",""
"DC-0012","Atlassian","atlassian.com","Business/B2B","","Dev/work collaboration tools","Australia","Asia-Pacific","B2B, SaaS, Product-led","Self-serve freemium + enterprise","UNVERIFIED","UNVERIFIED","UNVERIFIED","TRUE","UNVERIFIED","UNVERIFIED","MEDIUM","Empresa PLG sediada fora dos EUA (Australia) com design system maduro documentado (Atlaskit), mas engenharia publica principal reside no Bitbucket, nao GitHub - caso relevante para limitacoes de RQ-B-01.","","NOT_APPLICABLE","https://atlassian.design/","https://community.developer.atlassian.com/t/our-new-home-for-atlassian-design-system/40698","2026-08-11","Atlaskit (design system) e hospedado oficialmente em bitbucket.org/atlassian/atlaskit, nao GitHub - github_link_status marcado NOT_APPLICABLE deliberadamente.","candidate","","","","Atlassian Design System (Atlaskit) documentado em atlassian.design; repositorio principal em Bitbucket, nao GitHub.","",""
"DC-0013","monday.com","monday.com","Business/B2B","","Work OS / project management","Israel","Other","B2B, SaaS, Product-led","Self-serve freemium + enterprise","UNVERIFIED","UNVERIFIED","UNVERIFIED","TRUE","UNVERIFIED","UNVERIFIED","MEDIUM","B2B work-OS israelense com design system open-source oficial (Vibe) e GitHub org verificada - adiciona regiao 'Other/Middle East' ao universo.","https://github.com/mondaycom","VERIFIED","https://github.com/mondaycom","https://github.com/mondaycom/vibe","2026-08-11","Region classificada como Other pois Israel nao se encaixa nas 4 categorias geograficas dadas; country=Israel preenchido conforme regra.","candidate","","","","Vibe Design System open-source confirmado em github.com/mondaycom/vibe, monorepo com 50+ componentes.","",""
"DC-0014","Zendesk","zendesk.com","Business/B2B","Sales/CRM/Revenue Technology","Customer service platform","USA","North America","B2B, SaaS, Product-led + Sales-led hybrid","Self-serve + enterprise","UNVERIFIED","UNVERIFIED","UNVERIFIED","TRUE","UNVERIFIED","UNVERIFIED","MEDIUM","Design system 'Garden' documentado com multiplos pacotes (CSS/React) - bom para RQ-B-01/RQ-B-03 (design system maturity signals).","https://github.com/zendeskgarden","VERIFIED","https://github.com/zendeskgarden","https://designsystems.surf/design-systems/zendesk","2026-08-11","official_github_org aponta para a sub-org do design system (zendeskgarden), nao necessariamente a org corporativa geral - nao verificada nesta sessao.","candidate","","","","Garden design system confirmado (github.com/zendeskgarden), 11 repositorios incluindo react-components e css-components.","",""
"DC-0015","TOTVS","totvs.com","Business/B2B","","Enterprise ERP","Brazil","Latin America","B2B, Enterprise, Sales-led","Enterprise (empresas de todos os portes)","TRUE","UNVERIFIED","UNVERIFIED","UNVERIFIED","UNVERIFIED","UNVERIFIED","MEDIUM","Market leader documentado por market share (50% Brasil, 32% LatAm) em ERP B2B - maior empresa de tecnologia do Brasil; contraste util de 'market leader' sem digital leadership verificada.","","UNKNOWN","https://en.totvs.com/","https://portalerp.com/empresas-brasileiras-e-latino-americanas-escolhem-tecnologia-da-totvs-para-potencializar-eficiencia-operacional","2026-08-11","Market share citado a partir de pesquisa Gartner referenciada por portalerp.com (fonte secundaria, nao o relatorio Gartner original).","candidate","50% de market share no Brasil e 32% na America Latina em software de gestao, segundo pesquisa Gartner citada por portalerp.com.","","","","",""
"DC-0016","Personio","personio.com","Business/B2B","","HR-tech SaaS","Germany","Europe","B2B, SaaS, Sales-led + PLG hybrid","SMB + mid-market enterprise","UNVERIFIED","UNVERIFIED","UNVERIFIED","UNVERIFIED","UNVERIFIED","UNVERIFIED","LOW","SaaS B2B europeu (Alemanha) fora do eixo EUA; testa diversidade de regiao Europe/mercado germanico.","","UNKNOWN","https://en.wikipedia.org/wiki/Personio","","2026-08-11","Evidencia de fonte enciclopedica (Wikipedia), nao e fonte primaria oficial; tratado como LOW confidence deliberadamente.","candidate","","","","","",""
"DC-0017","Celonis","celonis.com","Business/B2B","","Process mining enterprise SaaS","Germany","Europe","B2B, Enterprise, Sales-led","Enterprise","TRUE","UNVERIFIED","UNVERIFIED","UNVERIFIED","UNVERIFIED","UNVERIFIED","LOW","Categoria de nicho (process mining) rara no benchmark, unicornio europeu enterprise - diversifica subvertical de B2B.","","UNKNOWN","https://en.wikipedia.org/wiki/Celonis","","2026-08-11","Descrito como 'leading process mining platform' com valuation de US$13.2B; fonte enciclopedica, nao relatorio de mercado independente - LOW confidence.","candidate","Descrito como lider de process mining com valuation US$13.2B (Wikipedia, nao verificado contra relatorio de mercado independente nesta sessao).","","","","",""
"DC-0018","Xero","xero.com","Business/B2B","","SMB accounting SaaS","New Zealand","Asia-Pacific","B2B, SaaS, Product-led","SMB self-serve","TRUE","TRUE","UNVERIFIED","UNVERIFIED","UNVERIFIED","UNVERIFIED","MEDIUM","Unico candidato de contabilidade SaaS SMB sediado na Oceania (Nova Zelandia) com pagina de premios propria documentando reconhecimento.","","UNKNOWN","https://www.xero.com/nz/media/awards/","https://www.xero.com/nz/media/factsheet/","2026-08-11","Pagina de premios e fonte oficial da propria Xero - nivel de independencia limitado, mas lista premios de terceiros nomeados (Canstar Blue, Finder).","candidate","Descrita como leading cloud accounting software para SMEs na Nova Zelandia, Australia e Reino Unido (xero.com/nz/media/factsheet).","Pagina oficial de premios lista reconhecimentos de terceiros como Canstar Blue Innovation Excellence Award e Finder Retail Awards.","","","",""
"DC-0019","Pipedrive","pipedrive.com","Sales/CRM/Revenue Technology","","SMB sales CRM","Estonia","Europe","B2B, SaaS, Product-led","SMB self-serve","UNVERIFIED","UNVERIFIED","UNVERIFIED","UNVERIFIED","UNVERIFIED","UNVERIFIED","LOW","CRM SMB self-serve europeu (Estonia) com pricing publico simples - bom caso para RQ-A2-02 em modelo self-serve puro.","","UNKNOWN","https://nuacom.com/pipedrive-vs-hubspot-complete-crm-comparison-guide/","","2026-08-11","Fonte e artigo comparativo de terceiros (nao SEO generico de afiliado, mas tambem nao e fonte primaria); evidence_quality LOW deliberadamente.","candidate","","","","","",""
"DC-0020","Gong","gong.io","Sales/CRM/Revenue Technology","","Revenue intelligence / conversation AI","USA","North America","B2B, SaaS, Sales-led enterprise","Enterprise sales teams","UNVERIFIED","TRUE","UNVERIFIED","UNVERIFIED","UNVERIFIED","TRUE","MEDIUM","Revenue intelligence B2B com premio setorial de IA documentado - suporte direto a Innovation Reference dentro do vertical Sales/CRM.","","UNKNOWN","https://www.prnewswire.com/news-releases/gong-named-best-ai-based-solution-for-sales-in-2024-ai-breakthrough-awards-302183058.html","","2026-08-11","PRNewswire e press release da propria AI Breakthrough Awards organization - fonte institucional de terceiros, moderadamente independente.","candidate","","Vencedor de Best AI-Based Solution for Sales nos AI Breakthrough Awards 2024 (prnewswire.com).","","","","Mesma evidencia do AI Breakthrough Award 2024 - plataforma de revenue intelligence baseada em IA sobre chamadas/e-mails de vendas."
"DC-0021","Zoho CRM","zoho.com","Sales/CRM/Revenue Technology","","SMB/enterprise CRM (bootstrapped)","India","Asia-Pacific","B2B, SaaS, Product-led + Enterprise","Self-serve (free ate 3 usuarios) + enterprise","UNVERIFIED","UNVERIFIED","UNVERIFIED","UNVERIFIED","TRUE","UNVERIFIED","MEDIUM","CRM indiano bootstrapped (nao venture-backed) com pricing 100% publico e granular - contraponto ao vies Silicon Valley venture-backed do universo, cobre regiao Asia-Pacific.","","UNKNOWN","https://www.zoho.com/crm/zohocrm-pricing.html","","2026-08-11","Empresa notoriamente bootstrapped (nao levantou capital de risco) - relevante para diversidade de business model do universo.","candidate","","","","","Pagina de pricing publica e granular (zoho.com/crm/zohocrm-pricing.html) com 4 planos detalhados + tier gratuito.",""
"DC-0022","RD Station","rdstation.com","Sales/CRM/Revenue Technology","Business/B2B","Marketing automation + CRM","Brazil","Latin America","B2B, SaaS, Sales-led + self-serve","SMB + mid-market","TRUE","UNVERIFIED","UNVERIFIED","UNVERIFIED","UNVERIFIED","UNVERIFIED","MEDIUM","Lider brasileiro de MarTech/RevTech, adquirida pela TOTVS (DC-0015) - permite testar relacao entre duas empresas do mesmo grupo dentro do universo.","","UNKNOWN","https://www.rdstation.com/sobre-nos/","https://acontecendoaqui.com.br/inovacao/rd-station-lidera-uso-de-plataformas-de-crm/","2026-08-11","Levantamento citado (Reportei, via acontecendoaqui.com.br) reporta lideranca de uso entre >178 mil contas analisadas.","candidate","Levantamento independente (Reportei) cita RD Station como plataforma de automacao/CRM mais utilizada entre 178 mil contas analisadas.","","","","",""
"DC-0023","iFood","ifood.com.br","Services","","Food/grocery delivery marketplace","Brazil","Latin America","B2C, B2B2C, Marketplace, Transactional","Consumidor final + restaurantes/entregadores parceiros","TRUE","UNVERIFIED","UNVERIFIED","UNVERIFIED","UNVERIFIED","UNVERIFIED","HIGH","Dominio de mercado mais extremo documentado do universo (80-89% share) - referencia unica de 'hyper-dominant market leader' LatAm.","","UNKNOWN","https://institucional.ifood.com.br/","https://exame.com/tecnologia/como-o-ifood-foi-criado-a-tragetoria-do-app-que-comecou-como-guia-impresso-a-lider-do-delivery/","2026-08-11","Multiplas fontes convergentes (site institucional + Exame + FGV CEV) citam 80-89% de market share.","candidate","80-89% de market share no delivery brasileiro segundo multiplas fontes convergentes (institucional.ifood.com.br, Exame, FGV/CEV).","","","","",""
"DC-0024","Mercado Livre / Mercado Pago","mercadolivre.com.br","Services","Business/B2B","Marketplace + fintech","Argentina","Latin America","B2C, B2B2C, Marketplace, Platform","Consumidor final + vendedores/comerciantes","UNVERIFIED","UNVERIFIED","UNVERIFIED","TRUE","UNVERIFIED","UNVERIFIED","MEDIUM","Maior marketplace/fintech pan-latino-americano com design system documentado (Andes) e GitHub org oficial ativa - forte para Technology Reference e RQ-B-01 na regiao LatAm.","https://github.com/mercadolibre","VERIFIED","https://github.com/mercadolibre","https://www.figma.com/customers/mercado-libre-scales-design-across-latin-america/","2026-08-11","Vinculo especifico entre GitHub org (101 repos) e o design system Andes nao foi confirmado via link direto nesta sessao - evidence_quality MEDIUM por essa lacuna.","candidate","","","","GitHub org oficial confirmada (github.com/mercadolibre, 101 repositorios); design system Andes documentado via case study oficial do Figma.","",""
"DC-0025","Booking.com","booking.com","Services","","Online travel agency (OTA)","Netherlands","Europe","B2C, B2B2C, Marketplace, Transactional","Consumidor final + hoteis/parceiros","UNVERIFIED","UNVERIFIED","UNVERIFIED","UNVERIFIED","TRUE","UNVERIFIED","MEDIUM","Caso mais documentado de cultura de experimentacao/CRO do universo (referenciado por multiplas fontes independentes de growth/CRO) - evidencia direta para Conversion Reference.","","UNKNOWN","https://octalysisgroup.com/booking-com-conversion-science/","https://vwo.com/blog/cro-best-practices-booking/","2026-08-11","Fontes sao analises de terceiros (Octalysis Group, VWO) sintetizando um case da Harvard Business Review - HBR original nao foi diretamente consultado nesta sessao.","candidate","","","","","Cultura de experimentacao com ~1.000 testes concorrentes em 75 paises, referenciada a partir de case da Harvard Business Review (via Octalysis Group e VWO).",""
"DC-0026","Rappi","rappi.com","Services","","Super-app (delivery + fintech)","Colombia","Latin America","B2C, Marketplace, Transactional","Consumidor final + comerciantes/entregadores","UNVERIFIED","UNVERIFIED","UNVERIFIED","UNVERIFIED","UNVERIFIED","UNVERIFIED","LOW","Super-app colombiano pan-LatAm (delivery+fintech) sem presenca GitHub publica oficial confirmada - caso relevante para 'digital property sem Track B viavel', documentando limitacao real.","","NOT_APPLICABLE","https://restofworld.org/2023/rappi-everything-app-latin-america/","https://www.hyperlatam.com/how-rappi-started/","2026-08-11","Unico repositorio GitHub encontrado (api-evangelist/rappi) e documentacao nao-oficial de terceiro sobre a API da Rappi, nao um repo oficial - github_link_status = NOT_APPLICABLE.","candidate","","","","","",""
"DC-0027","Grab","grab.com","Services","","Super-app (mobility + delivery + fintech)","Singapore","Asia-Pacific","B2C, B2B2C, Marketplace, Transactional","Consumidor final + motoristas/comerciantes parceiros","TRUE","UNVERIFIED","UNVERIFIED","UNVERIFIED","UNVERIFIED","UNVERIFIED","MEDIUM","Super-app lider documentado do Sudeste Asiatico com share numerico - essencial para cobertura geografica Asia-Pacific no vertical Services.","","UNKNOWN","https://fiscal.ai/blog/grab-holdings-the-superapp-of-southeast-asia/","https://gabgrowth.com/p/grab-southeast-asias-superapp","2026-08-11","Fontes sao analises financeiras independentes (fiscal.ai, GabGrowth), nao press release da propria Grab.","candidate","55% do mercado de mobilidade e delivery do Sudeste Asiatico, >50% do segmento de delivery especificamente (fiscal.ai).","","","","",""
"DC-0028","Sea Limited (Shopee)","shopee.com","Services","Business/B2B","E-commerce + gaming + fintech ecosystem","Singapore","Asia-Pacific","B2C, B2B, Marketplace, Platform","Consumidor final + vendedores","TRUE","UNVERIFIED","UNVERIFIED","UNVERIFIED","UNVERIFIED","UNVERIFIED","MEDIUM","Ecossistema multi-vertical (e-commerce+gaming+fintech) do Sudeste Asiatico; adiciona modelo marketplace/plataforma alem do modelo super-app de mobilidade do Grab.","","UNKNOWN","https://fortune.com/2021/06/29/sea-ltd-southeast-asia-most-valuable-company-grab-goto-super-apps-garena-shopee-video-games/","","2026-08-11","Fonte e reportagem da Fortune (2021), potencialmente desatualizada quanto a numeros especificos - reconfirmacao recomendada em ciclo futuro.","candidate","Shopee descrita como tendo ultrapassado Lazada como site de e-commerce mais popular do Sudeste Asiatico (Fortune).","","","","",""
"DC-0029","Wise","wise.com","Services","Business/B2B","Cross-border payments infrastructure","United Kingdom","Europe","B2C, B2B2C, Platform","Consumidor final + empresas/instituicoes (Wise Platform)","UNVERIFIED","UNVERIFIED","UNVERIFIED","TRUE","UNVERIFIED","UNVERIFIED","LOW","Servico financeiro transfronteirico com forte foco em transparencia de pricing - bom para RQ-A2-02 em fintech B2C/B2B2C.","","UNKNOWN","https://www.adyen.com/knowledge-hub/tech-you-can-bank-on","https://fintechmagazine.com/top10/top-10-fintech-leaders-in-europe-2026","2026-08-11","Evidencia obtida via mencao em artigo sobre concorrente (Adyen) e listicle de fintech magazine - recomenda-se verificacao direta em ciclo futuro.","candidate","","","","Descrita como market-leading global payment infrastructure for banks, financial institutions and enterprises (fintechmagazine.com), nao verificado com fonte tecnica direta.","",""
"DC-0030","Adyen","adyen.com","Services","Business/B2B","Payments infrastructure (full-stack)","Netherlands","Europe","B2B, Enterprise, Platform","Grandes empresas/enterprise merchants","UNVERIFIED","UNVERIFIED","UNVERIFIED","TRUE","UNVERIFIED","UNVERIFIED","MEDIUM","Infraestrutura de pagamentos full-stack europeia (banking license propria) - Technology Reference por arquitetura observavel distintiva, alternativa a Stripe (EUA).","","UNKNOWN","https://www.adyen.com/knowledge-hub/tech-you-can-bank-on","","2026-08-11","Evidencia inclui claim da propria Adyen sobre possuir licenca bancaria europeia (fonte primaria, mas nao independente).","candidate","","","","Descrita como possuindo licenca bancaria europeia propria e infraestrutura de pagamentos full-stack in-house, segundo pagina oficial da Adyen.","",""
"DC-0031","Stripe","stripe.com","Cross-industry Digital Leaders","Business/B2B","Payments/developer infrastructure","USA","North America","B2B, Platform, Product-led","Desenvolvedores + empresas de todos os portes","UNVERIFIED","TRUE","UNVERIFIED","TRUE","UNVERIFIED","UNVERIFIED","MEDIUM","Infraestrutura de pagamentos developer-first, referencia frequente de qualidade de documentacao/API design - Design + Technology Reference documentado por premio formal (Awwwards).","","UNKNOWN","https://www.awwwards.com/sites/stripe-sessions-2023","https://stripe.com/blog/engineering","2026-08-11","Awwwards Honorable Mention e para microsite de evento (Stripe Sessions 2023), nao para stripe.com em si - nuance registrada.","candidate","","Stripe Sessions 2023 (microsite) recebeu Awwwards Honorable Mention.","","Blog de engenharia extenso e publico (stripe.com/blog/engineering), citado como referencia em listas independentes de blogs de engenharia de produto.","",""
"DC-0032","Linear","linear.app","Cross-industry Digital Leaders","Business/B2B","Software project/issue tracking","USA","North America","B2B, SaaS, Product-led","Times de produto/engenharia","FALSE","UNVERIFIED","TRUE","UNVERIFIED","UNVERIFIED","UNVERIFIED","MEDIUM","CONTRAST CASE - startup pequena (nao 'grande') citada como referencia de design para ferramentas de desenvolvedor; ideal para testar Design Reference sem Market Leadership dominante.","","UNKNOWN","https://sequoiacap.com/article/linear-spotlight/","https://www.producthunt.com/products/linear","2026-08-11","market_leader=FALSE aplicado deliberadamente: empresa pequena/nicho, nao lider de mercado por tamanho, mesmo com forte reputacao de design.","candidate","","","Vencedora do Golden Kitty Award 2020 (Top Product, Product Hunt); citada por Sequoia Capital como referencia de foco obsessivo em design, comparavel a filosofia da Apple.","","",""
"DC-0033","Notion","notion.so","Cross-industry Digital Leaders","Business/B2B","All-in-one productivity workspace","USA","North America","B2C, B2B, Product-led, Freemium","Self-serve consumer + times/empresas","UNVERIFIED","TRUE","UNVERIFIED","UNVERIFIED","UNVERIFIED","UNVERIFIED","MEDIUM","Reconhecimento editorial independente (Fast Company) de inovacao, modelo de customizacao de UI incomum - Digital Leader com evidencia de terceiros, nao apenas premiacao de produto interno.","","UNKNOWN","https://www.fastcompany.com/91271149/notion-most-innovative-companies-2025","https://www.producthunt.com/products/notion/awards","2026-08-11","Fast Company e fonte editorial independente reconhecida - evidencia mais forte que premios de produto auto-hospedados (Product Hunt).","candidate","","No14 na lista World's 50 Most Innovative Companies of 2025 da Fast Company.","","","",""
"DC-0034","Airbnb","airbnb.com","Cross-industry Digital Leaders","Services","Home-sharing marketplace","USA","North America","B2C, B2B2C, Marketplace, Platform","Hospedes + anfitrioes","UNVERIFIED","UNVERIFIED","UNVERIFIED","TRUE","UNVERIFIED","UNVERIFIED","MEDIUM","Marketplace global com historico de ferramentas open-source de design engineering (react-sketchapp) influentes na industria, ainda que hoje menos ativamente mantidas - relevante para RQ-B-03.","https://github.com/airbnb","VERIFIED","https://github.com/airbnb/react-sketchapp","https://github.com/airbnb/lunar","2026-08-11","react-sketchapp e ferramenta mais antiga (~2017); status de manutencao ativa nao confirmado nesta sessao - verificar archived status no Pilot Measurement.","candidate","","","","GitHub confirma dois projetos open-source de design engineering: react-sketchapp e Lunar (toolkit/design language).","",""
"DC-0035","Spotify","spotify.com","Cross-industry Digital Leaders","","Music/audio streaming","Sweden","Europe","B2C, B2B2C, Subscription, Freemium","Consumidor final + criadores/labels","UNVERIFIED","UNVERIFIED","UNVERIFIED","TRUE","UNVERIFIED","UNVERIFIED","MEDIUM","Design system multi-plataforma (mobile/web/TV/wearables) documentado por blog oficial de engenharia - representante europeu (Suecia) do vertical cross-industry.","https://github.com/spotify","VERIFIED","https://engineering.atspotify.com/2023/05/multiple-layers-of-abstraction-in-design-systems","https://www.figma.com/blog/creating-coherence-how-spotifys-design-system-goes-beyond-platforms/","2026-08-11","GitHub org confirmada (github.com/spotify) via busca separada; existencia de repositorio publico especifico do design system 'Encore' nao confirmada nesta sessao.","candidate","","","","Design system Encore documentado via blog oficial de engenharia (multi-plataforma: mobile/web/TV/wearables, com MCP server para IA).","",""
"DC-0036","Canva","canva.com","Cross-industry Digital Leaders","Business/B2B","Online design/publishing tool","Australia","Asia-Pacific","B2C, B2B, Product-led, Freemium","Self-serve consumer + times/empresas","UNVERIFIED","UNVERIFIED","UNVERIFIED","UNVERIFIED","UNVERIFIED","UNVERIFIED","LOW","Unicornio australiano com 170M+ usuarios - cobre regiao Asia-Pacific/Oceania; nota metodologica explicita: valuation de unicornio NAO tratado como evidencia de qualidade digital.","","UNKNOWN","https://www.forbes.com/sites/kimjay/2019/02/14/australias-canva-has-become-a-unicorn-by-bringing-online-design-tools-to-the-masses/","","2026-08-11","Deliberadamente NAO marcado market_leader=TRUE apenas por ser unicornio/valuation alta - valuation nao e evidencia de lideranca de categoria nem de qualidade digital, por principio do projeto.","candidate","","","","","",""
"DC-0037","Vercel","vercel.com","Cross-industry Digital Leaders","","Frontend cloud / deployment platform","USA","North America","B2B, Platform, Product-led","Desenvolvedores + empresas","UNVERIFIED","UNVERIFIED","UNVERIFIED","TRUE","UNVERIFIED","UNVERIFIED","HIGH","Mantenedora do framework React mais influente para producao (Next.js), plataforma de deploy PLG - Technology Reference de altissima relevancia para RQ-B-01.","https://github.com/vercel","VERIFIED","https://github.com/vercel/next.js/","https://nextjs.org/showcase","2026-08-11","Repositorio oficial confirmado diretamente via busca (github.com/vercel/next.js).","candidate","","","","Repositorio oficial do Next.js confirmado (github.com/vercel/next.js), framework React amplamente adotado em producao.","",""
"DC-0038","Shopify","shopify.com","Cross-industry Digital Leaders","Business/B2B","E-commerce platform","Canada","North America","B2B2C, Platform, Product-led + Sales-led hybrid","Comerciantes de todos os portes","UNVERIFIED","UNVERIFIED","UNVERIFIED","TRUE","UNVERIFIED","UNVERIFIED","HIGH","Design system TypeScript-first maduro (60+ componentes, tokens, contribuicoes mensais) - candidato forte e direto para RQ-B-01 e RQ-B-03.","https://github.com/Shopify","VERIFIED","https://polaris.shopify.com/getting-started","https://adele.uxpin.com/shopify-polaris","2026-08-11","Repositorio Shopify/polaris descrito diretamente no conteudo de busca como monorepo open-source com polaris-react, polaris-tokens e polaris-icons.","candidate","","","","Design system Polaris (60+ componentes, TypeScript, tokens, 100+ contribuicoes mensais) documentado em polaris.shopify.com.","",""
"DC-0039","37signals / Basecamp","basecamp.com","Cross-industry Digital Leaders","Business/B2B","Project management (bootstrapped)","USA","North America","B2B, SaaS, Bootstrapped, anti-VC","SMB + times","FALSE","UNVERIFIED","TRUE","TRUE","UNVERIFIED","UNVERIFIED","HIGH","CONTRAST CASE - empresa pequena, bootstrapped, deliberadamente anti-growth/anti-VC, mas criadora de framework (Rails) usado por Shopify/GitHub/Airbnb - testa diretamente 'tamanho != influencia de engenharia'.","https://github.com/basecamp","VERIFIED","https://github.com/basecamp","https://37signals.com/32","2026-08-11","market_leader=FALSE aplicado deliberadamente: empresa pequena e bootstrapped por filosofia declarada, nao busca dominancia de mercado.","candidate","","","Filosofia de design 'Vanilla Rails is plenty' amplamente documentada; casa de codigo open source (github.com/basecamp/house-style).","Criadora e mantenedora do Ruby on Rails, framework usado por Shopify, GitHub, Airbnb, Coinbase, Twitch (rubyonrails.org/foundation/37signals).","",""
"DC-0040","IBM","ibm.com","Cross-industry Digital Leaders","Business/B2B","Enterprise technology conglomerate","USA","North America","B2B, Enterprise, Sales-led","Grandes empresas/governo","UNVERIFIED","UNVERIFIED","UNVERIFIED","TRUE","UNVERIFIED","UNVERIFIED","HIGH","Design system enterprise multi-framework (React/Angular/Vue/Svelte/Web Components) mantido por Big Tech legado - contraponto de large enterprise incumbent com engenharia publica genuinamente madura.","https://github.com/carbon-design-system","VERIFIED","https://github.com/carbon-design-system/carbon","https://carbondesignsystem.com/","2026-08-11","official_github_org aponta para a org especifica do design system (carbon-design-system), nao github.com/IBM geral, que nao foi verificada nesta sessao.","candidate","","","","Carbon Design System open-sourced pela IBM em 2017, com suporte oficial para React, Angular, Vue, Svelte e Web Components (github.com/carbon-design-system/carbon).","",""
"DC-0041","Microsoft","microsoft.com","Cross-industry Digital Leaders","Business/B2B","Enterprise technology conglomerate","USA","North America","B2B, B2C, Enterprise + Product-led hybrid","Consumidores + empresas + desenvolvedores","UNVERIFIED","UNVERIFIED","UNVERIFIED","TRUE","UNVERIFIED","UNVERIFIED","HIGH","Big Tech com design system cross-platform documentado (Fluent) e mantenedor oficial do proprio TypeScript - evidencia e o repositorio, nao o tamanho da empresa.","https://github.com/microsoft","VERIFIED","https://github.com/microsoft/fluentui","https://github.com/microsoft/typescript","2026-08-11","Dois repositorios oficiais confirmados diretamente: microsoft/fluentui (design system) e microsoft/TypeScript (linguagem, central para RQ-B-01).","candidate","","","","Fluent UI (github.com/microsoft/fluentui) e TypeScript (github.com/microsoft/typescript) confirmados como repositorios oficiais Microsoft via busca direta.","",""
"DC-0042","Adobe","adobe.com","Cross-industry Digital Leaders","","Creative software (subscription)","USA","North America","B2B, B2C, Subscription","Criadores individuais + empresas","UNVERIFIED","UNVERIFIED","UNVERIFIED","TRUE","UNVERIFIED","UNVERIFIED","MEDIUM","Design system criativo/enterprise hibrido (Spectrum) com repositorio React open-source confirmado - mais um ponto de Technology Reference cross-industry.","https://github.com/adobe","VERIFIED","https://github.com/adobe/react-spectrum","https://backlight.dev/mastery/best-design-system-examples","2026-08-11","react-spectrum confirmado como repositorio oficial via busca direta; comparativo independente (backlight.dev) cita Spectrum como 70+ componentes open-source.","candidate","","","","React Spectrum (github.com/adobe/react-spectrum) confirmado como implementacao React oficial do design system Spectrum da Adobe.","",""
"DC-0043","SAP","sap.com","Business/B2B","Cross-industry Digital Leaders","Enterprise ERP/software","Germany","Europe","B2B, Enterprise, Sales-led","Grandes empresas","UNVERIFIED","UNVERIFIED","UNVERIFIED","TRUE","UNVERIFIED","UNVERIFIED","MEDIUM","Maior fornecedor de ERP europeu (Alemanha) com design system premiado ('award-winning' per site oficial) e multiplos repositorios open-source confirmados - representa Europa continental em B2B enterprise legado.","https://github.com/SAP","VERIFIED","https://www.sap.com/products/technology-platform/fiori.html","https://github.com/SAP/cloud-sdk-ios-fiori","2026-08-11","SAP Fiori descrito como award-winning pela propria SAP (fonte primaria, nao independente); OpenUI5 confirmado como open source sob Apache 2.0.","candidate","","","","Multiplos repositorios oficiais confirmados sob github.com/SAP, incluindo cloud-sdk-ios-fiori (implementacao SwiftUI do design language Fiori).","",""
"DC-0044","Klarna","klarna.com","Cross-industry Digital Leaders","Services","Fintech BNPL","Sweden","Europe","B2C, B2B2C, Transactional, Platform","Consumidores finais + comerciantes parceiros","UNVERIFIED","UNVERIFIED","TRUE","UNVERIFIED","UNVERIFIED","UNVERIFIED","LOW","Fintech sueca (BNPL) citada por investimento tipografico de marca como sinal de design reference - representa modelo B2C transacional europeu.","","UNKNOWN","https://toimi.pro/blog/best-fintech-website-designs/","https://tech.eu/2025/06/18/klarna-echoes-revolut-and-n26-with-mobile-move/","2026-08-11","Fonte primaria (toimi.pro) e blog de agencia de design, nao veiculo editorial de alta autoridade - evidence_quality LOW deliberadamente.","candidate","","","Citada em artigo sobre design de fintech 2026 por ter comissionado tipografia de marca propria (Klarna Title), junto de Stripe/Wise/Coinbase/Robinhood.","","",""
"DC-0045","N26","n26.com","Cross-industry Digital Leaders","Services","Mobile-first neobank","Germany","Europe","B2C, Subscription-lite, Mobile-first","Consumidor final","UNVERIFIED","UNVERIFIED","UNVERIFIED","UNVERIFIED","UNVERIFIED","UNVERIFIED","LOW","Neobank alemao mobile-first com licenca bancaria alema completa - caso de digital property 100% mobile-first para RQ-A3-01.","","UNKNOWN","https://tech.eu/2025/06/18/klarna-echoes-revolut-and-n26-with-mobile-move/","","2026-08-11","Evidencia limitada a artigo comparativo sobre movimento para telecom; nenhuma verificacao adicional de design/tecnologia feita nesta sessao.","candidate","","","","","",""
"DC-0046","Revolut","revolut.com","Cross-industry Digital Leaders","Services","Fintech superapp","United Kingdom","Europe","B2C, B2B, Freemium/Subscription","Consumidor final + empresas","UNVERIFIED","UNVERIFIED","UNVERIFIED","UNVERIFIED","UNVERIFIED","UNVERIFIED","LOW","Superapp financeiro britanico-europeu descrito como maior gerador de fintech alumni founders segundo Sifted - sinal indireto de influencia no ecossistema tech europeu.","","UNKNOWN","https://sifted.eu/articles/revolut-overtakes-n26-and-klarna-in-spawning-alumni-founders","","2026-08-11","Evidencia e sobre efeito de alumni network, nao sobre qualidade digital observavel diretamente - mantido como sinal indireto de baixa forca.","candidate","","","","","",""
"DC-0047","Figma","figma.com","Cross-industry Digital Leaders","Business/B2B","Design collaboration tool","USA","North America","B2B, B2C, Product-led, Freemium","Designers/times de produto","UNVERIFIED","UNVERIFIED","UNVERIFIED","UNVERIFIED","UNVERIFIED","UNVERIFIED","LOW","Ferramenta de design colaborativo recem-IPOd (2025), amplamente integrada ao ecossistema de design systems do proprio universo (citada em Mercado Livre/Shopify Polaris) - ponto de referencia cruzado do metodo.","","UNKNOWN","https://www.figma.com/resource-library/design-collaboration-tools/","","2026-08-11","Fonte e conteudo oficial da propria Figma (resource library), nao avaliacao independente - evidence_quality LOW.","candidate","","","","","",""
"DC-0048","Miro","miro.com","Business/B2B","","Visual collaboration / whiteboard","Netherlands","Europe","B2B, Product-led, Freemium","Times/empresas","UNVERIFIED","UNVERIFIED","UNVERIFIED","UNVERIFIED","UNVERIFIED","UNVERIFIED","LOW","Whiteboard colaborativo com sede europeia (Amsterdam), 300+ templates oficiais - adiciona ferramenta de colaboracao visual ao conjunto B2B.","","UNKNOWN","https://www.figma.com/resource-library/design-collaboration-tools/","","2026-08-11","Fonte e conteudo da Figma (concorrente/parceira), nao fonte primaria da Miro - evidence_quality LOW.","candidate","","","","","",""
"DC-0049","Webflow","webflow.com","Cross-industry Digital Leaders","","No-code website builder","USA","North America","B2C, B2B, Product-led, Subscription","Designers/agencias + empresas","UNVERIFIED","UNVERIFIED","UNVERIFIED","UNVERIFIED","UNVERIFIED","UNVERIFIED","LOW","No-code website builder maduro (CMS robusto) - testa hero/navigation patterns em produto voltado a criacao de sites de terceiros.","","UNKNOWN","https://blog.logrocket.com/ux-design/framer-vs-webflow-no-code-website-building/","","2026-08-11","Fonte e publicacao de UX reconhecida (LogRocket blog), nao listicle SEO generico, mas ainda e artigo comparativo de terceiro, nao estudo formal.","candidate","","","","","",""
"DC-0050","Framer","framer.com","Cross-industry Digital Leaders","","No-code design/motion tool","Netherlands","Europe","B2C, B2B, Product-led, Subscription","Designers + empresas","UNVERIFIED","UNVERIFIED","TRUE","UNVERIFIED","UNVERIFIED","UNVERIFIED","LOW","Ferramenta no-code nascida de tool de design (nao CMS) - foco em motion/interacao como diferencial, complementa Webflow como par contrastante.","","UNKNOWN","https://blog.logrocket.com/ux-design/framer-vs-webflow-no-code-website-building/","","2026-08-11","Citado por design tool DNA com scroll effects, transicoes e microinteracoes como primitivos de primeira classe - mesma fonte comparativa que Webflow.","candidate","","","Descrito como tendo scroll effects, page transitions, 3D transforms e microinteracoes como primitivos nativos (LogRocket).","","",""
"DC-0051","Apple","apple.com","Cross-industry Digital Leaders","","Consumer technology / hardware+software","USA","North America","B2C, B2B, Product/Platform","Consumidores + desenvolvedores + empresas","UNVERIFIED","UNVERIFIED","UNVERIFIED","UNVERIFIED","UNVERIFIED","UNVERIFIED","LOW","Investimento institucional em design comprovado por programa proprio de premiacao (Apple Design Awards); apple.com em si nao foi analisado diretamente nesta sessao - deliberadamente mantido em LOW.","","UNKNOWN","https://www.apple.com/newsroom/2023/06/apple-announces-winners-of-the-2023-apple-design-awards/","","2026-08-11","Evidencia e sobre o programa Apple Design Awards (que a Apple administra para terceiros, incl. Duolingo DC-0002), nao uma analise independente do site apple.com propriamente dito - recomenda-se aprofundamento em ciclo futuro.","candidate","","","","","",""
"DC-0052","DoorDash","doordash.com","Services","","Food delivery marketplace","USA","North America","B2C, B2B2C, Marketplace, Transactional","Consumidor final + restaurantes/entregadores","TRUE","UNVERIFIED","UNVERIFIED","UNVERIFIED","UNVERIFIED","UNVERIFIED","MEDIUM","Maior player de delivery de comida dos EUA por market share - contraponto norte-americano ao dominio do iFood na America Latina.","","UNKNOWN","https://www.statista.com/statistics/1235724/market-share-us-food-delivery-companies/","","2026-08-11","Fontes divergem entre 56% e 67% de market share dependendo da metodologia (Statista vs. outras) - reportado como faixa, nao numero unico.","candidate","Market share de 56-67% do mercado de food delivery dos EUA, segundo fontes convergentes porem com metodologias distintas (Statista e outras).","","","","",""
"DC-0053","Coupang","coupang.com","Services","","E-commerce (South Korea)","South Korea","Asia-Pacific","B2C, Marketplace, Transactional","Consumidor final","TRUE","UNVERIFIED","UNVERIFIED","UNVERIFIED","UNVERIFIED","UNVERIFIED","MEDIUM","Descrita como Amazon da Coreia do Sul, lider de e-commerce coreano - cobertura geografica Asia Oriental ausente no restante do universo.","","UNKNOWN","https://www.mdpi.com/2071-1050/17/22/9989","","2026-08-11","Fonte e artigo academico peer-reviewed (MDPI Sustainability) comparando Coupang e Rakuten - evidencia relativamente forte.","candidate","22,5% de market share no e-commerce sul-coreano, maior que o segundo colocado Naver (17,0%), segundo artigo academico MDPI.","","","","",""
"DC-0054","Rakuten","rakuten.com","Services","Business/B2B","E-commerce + platform ecosystem (Japan)","Japan","Asia-Pacific","B2C, B2B, Marketplace, Platform","Consumidor final + comerciantes","TRUE","UNVERIFIED","UNVERIFIED","UNVERIFIED","UNVERIFIED","UNVERIFIED","MEDIUM","Maior plataforma de e-commerce do Japao - cobre mercado japones, ausente em qualquer outro candidato do universo.","","UNKNOWN","https://www.mdpi.com/2071-1050/17/22/9989","","2026-08-11","Mesma fonte academica do candidato Coupang (MDPI); nota-se que a tentativa da Coupang de expandir para o Japao falhou frente a Rakuten/Amazon, reforcando a posicao de Rakuten.","candidate","Descrita como Japan's leading eCommerce platform segundo artigo academico MDPI comparando mercados coreano e japones.","","","","",""
"DC-0055","Nike","nike.com","Cross-industry Digital Leaders","","Sportswear / consumer retail","USA","North America","B2C, B2B2C, E-commerce + retail omnichannel","Consumidor final + varejistas parceiros","UNVERIFIED","TRUE","UNVERIFIED","UNVERIFIED","UNVERIFIED","UNVERIFIED","MEDIUM","Reconhecimento editorial independente (Fast Company Innovation By Design) por integracao phygital (House of Innovation) - Digital Leader por premio setorial nomeado, nao apenas reputacao generica.","","UNKNOWN","https://www.fastcompany.com/90389166/innovation-by-design-2019-winners","https://about.nike.com/en/newsroom/releases/nike-membership-digital-benefits","2026-08-11","Premio e de 2019 (Fast Company Innovation By Design) - relativamente antigo; recomenda-se buscar reconhecimento mais recente em ciclo futuro.","candidate","","Vencedora de Innovation By Design Award (Fast Company, 2019) por integracao de varejo fisico e digital (House of Innovation).","","","",""
"DC-0056","2U / edX","2u.com","Education/EdTech","","Online degree platform (nonprofit-to-corporate)","USA","North America","B2B2C, Enterprise, Sales-led","Instituicoes de ensino + consumidor final","FALSE","UNVERIFIED","UNVERIFIED","UNVERIFIED","UNVERIFIED","UNVERIFIED","MEDIUM","CONTRAST CASE - posicionada como 'most important platform company' em educacao apos fusao com edX (2021), mas com queda de ~70% no valor de mercado e cortes de equipe documentados logo em seguida - desafia narrativa de tamanho/consolidacao como proxy de sucesso digital.","https://github.com/openedx","VERIFIED","https://www.insidehighered.com/news/2021/11/17/2u-completes-purchase-edx-creating-free-degree-platform","https://www.timeshighereducation.com/news/year-edx-sale-2u-leaves-both-sides-struggling","2026-08-11","market_leader=FALSE aplicado apos checagem ativa (queda de 70% no valor de acoes documentada pela Times Higher Education); edX vive hoje como projeto Open edX (github.com/openedx).","candidate","Checado ativamente: apesar de discurso de lideranca de mercado no anuncio da fusao, acao caiu ~70% em 2022 e houve cortes de equipe (Times Higher Education).","","","","",""
